aircraft,mod,flap,isa_dev,cruise_alt,mach,payload,taxi_fuel,reserve_fuel,save_plot,status,error_message,total_dist_nm,total_time_min,fuel_burned_lb,first_level_off_ft,cruise_vktas_kts,reserve_fuel_calc_lb
CJ1,Flatwing,0,0,41000,0.64,0,100,600,False,error,run_simulation() got an unexpected keyword argument 'cruise_mach'. Did you mean 'cruise_alt'?,,,,,,
CJ1,Flatwing,0,0,41000,0.64,300,100,600,False,error,run_simulation() got an unexpected keyword argument 'cruise_mach'. Did you mean 'cruise_alt'?,,,,,,
CJ1,Flatwing,0,0,41000,0.64,600,100,600,False,error,run_simulation() got an unexpected keyword argument 'cruise_mach'. Did you mean 'cruise_alt'?,,,,,,
CJ1,Flatwing,0,0,41000,0.64,900,100,600,False,error,run_simulation() got an unexpected keyword argument 'cruise_mach'. Did you mean 'cruise_alt'?,,,,,,
CJ1,Flatwing,0,0,41000,0.64,1200,100,600,False,error,run_simulation() got an unexpected keyword argument 'cruise_mach'. Did you mean 'cruise_alt'?,,,,,,
CJ1,Flatwing,0,0,41000,0.64,1500,100,600,False,error,run_simulation() got an unexpected keyword argument 'cruise_mach'. Did you mean 'cruise_alt'?,,,,,,
CJ1,Flatwing,0,0,41000,0.63,0,100,600,False,error,run_simulation() got an unexpected keyword argument 'cruise_mach'. Did you mean 'cruise_alt'?,,,,,,
CJ1,Flatwing,0,0,41000,0.63,300,100,600,False,error,run_simulation() got an unexpected keyword argument 'cruise_mach'. Did you mean 'cruise_alt'?,,,,,,
CJ1,Flatwing,0,0,41000,0.63,600,100,600,False,error,run_simulation() got an unexpected keyword argument 'cruise_mach'. Did you mean 'cruise_alt'?,,,,,,
CJ1,Flatwing,0,0,41000,0.63,900,100,600,False,error,run_simulation() got an unexpected keyword argument 'cruise_mach'. Did you mean 'cruise_alt'?,,,,,,
CJ1,Flatwing,0,0,41000,0.63,1200,100,600,False,error,run_simulation() got an unexpected keyword argument 'cruise_mach'. Did you mean 'cruise_alt'?,,,,,,
CJ1,Flatwing,0,0,41000,0.63,1500,100,600,False,error,run_simulation() got an unexpected keyword argument 'cruise_mach'. Did you mean 'cruise_alt'?,,,,,,
CJ1,Flatwing,0,0,41000,0.62,0,100,600,False,error,run_simulation() got an unexpected keyword argument 'cruise_mach'. Did you mean 'cruise_alt'?,,,,,,
CJ1,Flatwing,0,0,41000,0.62,300,100,600,False,error,run_simulation() got an unexpected keyword argument 'cruise_mach'. Did you mean 'cruise_alt'?,,,,,,
CJ1,Flatwing,0,0,41000,0.62,600,100,600,False,error,run_simulation() got an unexpected keyword argument 'cruise_mach'. Did you mean 'cruise_alt'?,,,,,,
CJ1,Flatwing,0,0,41000,0.62,900,100,600,False,error,run_simulation() got an unexpected keyword argument 'cruise_mach'. Did you mean 'cruise_alt'?,,,,,,
CJ1,Flatwing,0,0,41000,0.62,1200,100,600,False,error,run_simulation() got an unexpected keyword argument 'cruise_mach'. Did you mean 'cruise_alt'?,,,,,,
CJ1,Flatwing,0,0,41000,0.62,1500,100,600,False,error,run_simulation() got an unexpected keyword argument 'cruise_mach'. Did you mean 'cruise_alt'?,,,,,,
CJ1,Flatwing,0,10,41000,0.64,0,100,600,False,error,run_simulation() got an unexpected keyword argument 'cruise_mach'. Did you mean 'cruise_alt'?,,,,,,
CJ1,Flatwing,0,10,41000,0.64,300,100,600,False,error,run_simulation() got an unexpected keyword argument 'cruise_mach'. Did you mean 'cruise_alt'?,,,,,,
CJ1,Flatwing,0,10,41000,0.64,600,100,600,False,error,run_simulation() got an unexpected keyword argument 'cruise_mach'. Did you mean 'cruise_alt'?,,,,,,
CJ1,Flatwing,0,10,41000,0.64,900,100,600,False,error,run_simulation() got an unexpected keyword argument 'cruise_mach'. Did you mean 'cruise_alt'?,,,,,,
CJ1,Flatwing,0,10,41000,0.64,1200,100,600,False,error,run_simulation() got an unexpected keyword argument 'cruise_mach'. Did you mean 'cruise_alt'?,,,,,,
CJ1,Flatwing,0,10,41000,0.64,1500,100,600,False,error,run_simulation() got an unexpected keyword argument 'cruise_mach'. Did you mean 'cruise_alt'?,,,,,,
CJ1,Flatwing,0,10,41000,0.63,0,100,600,False,error,run_simulation() got an unexpected keyword argument 'cruise_mach'. Did you mean 'cruise_alt'?,,,,,,
CJ1,Flatwing,0,10,41000,0.63,300,100,600,False,error,run_simulation() got an unexpected keyword argument 'cruise_mach'. Did you mean 'cruise_alt'?,,,,,,
CJ1,Flatwing,0,10,41000,0.63,600,100,600,False,error,run_simulation() got an unexpected keyword argument 'cruise_mach'. Did you mean 'cruise_alt'?,,,,,,
CJ1,Flatwing,0,10,41000,0.63,900,100,600,False,error,run_simulation() got an unexpected keyword argument 'cruise_mach'. Did you mean 'cruise_alt'?,,,,,,
CJ1,Flatwing,0,10,41000,0.63,1200,100,600,False,error,run_simulation() got an unexpected keyword argument 'cruise_mach'. Did you mean 'cruise_alt'?,,,,,,
CJ1,Flatwing,0,10,41000,0.63,1500,100,600,False,error,run_simulation() got an unexpected keyword argument 'cruise_mach'. Did you mean 'cruise_alt'?,,,,,,
CJ1,Flatwing,0,10,41000,0.62,0,100,600,False,error,run_simulation() got an unexpected keyword argument 'cruise_mach'. Did you mean 'cruise_alt'?,,,,,,
CJ1,Flatwing,0,10,41000,0.62,300,100,600,False,error,run_simulation() got an unexpected keyword argument 'cruise_mach'. Did you mean 'cruise_alt'?,,,,,,
CJ1,Flatwing,0,10,41000,0.62,600,100,600,False,error,run_simulation() got an unexpected keyword argument 'cruise_mach'. Did you mean 'cruise_alt'?,,,,,,
CJ1,Flatwing,0,10,41000,0.62,900,100,600,False,error,run_simulation() got an unexpected keyword argument 'cruise_mach'. Did you mean 'cruise_alt'?,,,,,,
CJ1,Flatwing,0,10,41000,0.62,1200,100,600,False,error,run_simulation() got an unexpected keyword argument 'cruise_mach'. Did you mean 'cruise_alt'?,,,,,,
CJ1,Flatwing,0,10,41000,0.62,1500,100,600,False,error,run_simulation() got an unexpected keyword argument 'cruise_mach'. Did you mean 'cruise_alt'?,,,,,,
CJ1,Flatwing,0,0,39000,0.64,0,100,600,False,error,run_simulation() got an unexpected keyword argument 'cruise_mach'. Did you mean 'cruise_alt'?,,,,,,
CJ1,Flatwing,0,0,39000,0.64,300,100,600,False,error,run_simulation() got an unexpected keyword argument 'cruise_mach'. Did you mean 'cruise_alt'?,,,,,,
CJ1,Flatwing,0,0,39000,0.64,600,100,600,False,error,run_simulation() got an unexpected keyword argument 'cruise_mach'. Did you mean 'cruise_alt'?,,,,,,
CJ1,Flatwing,0,0,39000,0.64,900,100,600,False,error,run_simulation() got an unexpected keyword argument 'cruise_mach'. Did you mean 'cruise_alt'?,,,,,,
CJ1,Flatwing,0,0,39000,0.64,1200,100,600,False,error,run_simulation() got an unexpected keyword argument 'cruise_mach'. Did you mean 'cruise_alt'?,,,,,,
CJ1,Flatwing,0,0,39000,0.64,1500,100,600,False,error,run_simulation() got an unexpected keyword argument 'cruise_mach'. Did you mean 'cruise_alt'?,,,,,,
CJ1,Flatwing,0,0,39000,0.63,0,100,600,False,error,run_simulation() got an unexpected keyword argument 'cruise_mach'. Did you mean 'cruise_alt'?,,,,,,
CJ1,Flatwing,0,0,39000,0.63,300,100,600,False,error,run_simulation() got an unexpected keyword argument 'cruise_mach'. Did you mean 'cruise_alt'?,,,,,,
CJ1,Flatwing,0,0,39000,0.63,600,100,600,False,error,run_simulation() got an unexpected keyword argument 'cruise_mach'. Did you mean 'cruise_alt'?,,,,,,
CJ1,Flatwing,0,0,39000,0.63,900,100,600,False,error,run_simulation() got an unexpected keyword argument 'cruise_mach'. Did you mean 'cruise_alt'?,,,,,,
CJ1,Flatwing,0,0,39000,0.63,1200,100,600,False,error,run_simulation() got an unexpected keyword argument 'cruise_mach'. Did you mean 'cruise_alt'?,,,,,,
CJ1,Flatwing,0,0,39000,0.63,1500,100,600,False,error,run_simulation() got an unexpected keyword argument 'cruise_mach'. Did you mean 'cruise_alt'?,,,,,,
CJ1,Flatwing,0,0,39000,0.62,0,100,600,False,error,run_simulation() got an unexpected keyword argument 'cruise_mach'. Did you mean 'cruise_alt'?,,,,,,
CJ1,Flatwing,0,0,39000,0.62,300,100,600,False,error,run_simulation() got an unexpected keyword argument 'cruise_mach'. Did you mean 'cruise_alt'?,,,,,,
CJ1,Flatwing,0,0,39000,0.62,600,100,600,False,error,run_simulation() got an unexpected keyword argument 'cruise_mach'. Did you mean 'cruise_alt'?,,,,,,
CJ1,Flatwing,0,0,39000,0.62,900,100,600,False,error,run_simulation() got an unexpected keyword argument 'cruise_mach'. Did you mean 'cruise_alt'?,,,,,,
CJ1,Flatwing,0,0,39000,0.62,1200,100,600,False,error,run_simulation() got an unexpected keyword argument 'cruise_mach'. Did you mean 'cruise_alt'?,,,,,,
CJ1,Flatwing,0,0,39000,0.62,1500,100,600,False,error,run_simulation() got an unexpected keyword argument 'cruise_mach'. Did you mean 'cruise_alt'?,,,,,,
CJ1,Flatwing,0,10,39000,0.64,0,100,600,False,error,run_simulation() got an unexpected keyword argument 'cruise_mach'. Did you mean 'cruise_alt'?,,,,,,
CJ1,Flatwing,0,10,39000,0.64,300,100,600,False,error,run_simulation() got an unexpected keyword argument 'cruise_mach'. Did you mean 'cruise_alt'?,,,,,,
CJ1,Flatwing,0,10,39000,0.64,600,100,600,False,error,run_simulation() got an unexpected keyword argument 'cruise_mach'. Did you mean 'cruise_alt'?,,,,,,
CJ1,Flatwing,0,10,39000,0.64,900,100,600,False,error,run_simulation() got an unexpected keyword argument 'cruise_mach'. Did you mean 'cruise_alt'?,,,,,,
CJ1,Flatwing,0,10,39000,0.64,1200,100,600,False,error,run_simulation() got an unexpected keyword argument 'cruise_mach'. Did you mean 'cruise_alt'?,,,,,,
CJ1,Flatwing,0,10,39000,0.64,1500,100,600,False,error,run_simulation() got an unexpected keyword argument 'cruise_mach'. Did you mean 'cruise_alt'?,,,,,,
CJ1,Flatwing,0,10,39000,0.63,0,100,600,False,error,run_simulation() got an unexpected keyword argument 'cruise_mach'. Did you mean 'cruise_alt'?,,,,,,
CJ1,Flatwing,0,10,39000,0.63,300,100,600,False,error,run_simulation() got an unexpected keyword argument 'cruise_mach'. Did you mean 'cruise_alt'?,,,,,,
CJ1,Flatwing,0,10,39000,0.63,600,100,600,False,error,run_simulation() got an unexpected keyword argument 'cruise_mach'. Did you mean 'cruise_alt'?,,,,,,
CJ1,Flatwing,0,10,39000,0.63,900,100,600,False,error,run_simulation() got an unexpected keyword argument 'cruise_mach'. Did you mean 'cruise_alt'?,,,,,,
CJ1,Flatwing,0,10,39000,0.63,1200,100,600,False,error,run_simulation() got an unexpected keyword argument 'cruise_mach'. Did you mean 'cruise_alt'?,,,,,,
CJ1,Flatwing,0,10,39000,0.63,1500,100,600,False,error,run_simulation() got an unexpected keyword argument 'cruise_mach'. Did you mean 'cruise_alt'?,,,,,,
CJ1,Flatwing,0,10,39000,0.62,0,100,600,False,error,run_simulation() got an unexpected keyword argument 'cruise_mach'. Did you mean 'cruise_alt'?,,,,,,
CJ1,Flatwing,0,10,39000,0.62,300,100,600,False,error,run_simulation() got an unexpected keyword argument 'cruise_mach'. Did you mean 'cruise_alt'?,,,,,,
CJ1,Flatwing,0,10,39000,0.62,600,100,600,False,error,run_simulation() got an unexpected keyword argument 'cruise_mach'. Did you mean 'cruise_alt'?,,,,,,
CJ1,Flatwing,0,10,39000,0.62,900,100,600,False,error,run_simulation() got an unexpected keyword argument 'cruise_mach'. Did you mean 'cruise_alt'?,,,,,,
CJ1,Flatwing,0,10,39000,0.62,1200,100,600,False,error,run_simulation() got an unexpected keyword argument 'cruise_mach'. Did you mean 'cruise_alt'?,,,,,,
CJ1,Flatwing,0,10,39000,0.62,1500,100,600,False,error,run_simulation() got an unexpected keyword argument 'cruise_mach'. Did you mean 'cruise_alt'?,,,,,,
CJ1,Flatwing,0,0,37000,0.64,0,100,600,False,error,run_simulation() got an unexpected keyword argument 'cruise_mach'. Did you mean 'cruise_alt'?,,,,,,
CJ1,Flatwing,0,0,37000,0.64,300,100,600,False,error,run_simulation() got an unexpected keyword argument 'cruise_mach'. Did you mean 'cruise_alt'?,,,,,,
CJ1,Flatwing,0,0,37000,0.64,600,100,600,False,error,run_simulation() got an unexpected keyword argument 'cruise_mach'. Did you mean 'cruise_alt'?,,,,,,
CJ1,Flatwing,0,0,37000,0.64,900,100,600,False,error,run_simulation() got an unexpected keyword argument 'cruise_mach'. Did you mean 'cruise_alt'?,,,,,,
CJ1,Flatwing,0,0,37000,0.64,1200,100,600,False,error,run_simulation() got an unexpected keyword argument 'cruise_mach'. Did you mean 'cruise_alt'?,,,,,,
CJ1,Flatwing,0,0,37000,0.64,1500,100,600,False,error,run_simulation() got an unexpected keyword argument 'cruise_mach'. Did you mean 'cruise_alt'?,,,,,,
CJ1,Flatwing,0,0,37000,0.63,0,100,600,False,error,run_simulation() got an unexpected keyword argument 'cruise_mach'. Did you mean 'cruise_alt'?,,,,,,
CJ1,Flatwing,0,0,37000,0.63,300,100,600,False,error,run_simulation() got an unexpected keyword argument 'cruise_mach'. Did you mean 'cruise_alt'?,,,,,,
CJ1,Flatwing,0,0,37000,0.63,600,100,600,False,error,run_simulation() got an unexpected keyword argument 'cruise_mach'. Did you mean 'cruise_alt'?,,,,,,
CJ1,Flatwing,0,0,37000,0.63,900,100,600,False,error,run_simulation() got an unexpected keyword argument 'cruise_mach'. Did you mean 'cruise_alt'?,,,,,,
CJ1,Flatwing,0,0,37000,0.63,1200,100,600,False,error,run_simulation() got an unexpected keyword argument 'cruise_mach'. Did you mean 'cruise_alt'?,,,,,,
CJ1,Flatwing,0,0,37000,0.63,1500,100,600,False,error,run_simulation() got an unexpected keyword argument 'cruise_mach'. Did you mean 'cruise_alt'?,,,,,,
CJ1,Flatwing,0,0,37000,0.62,0,100,600,False,error,run_simulation() got an unexpected keyword argument 'cruise_mach'. Did you mean 'cruise_alt'?,,,,,,
CJ1,Flatwing,0,0,37000,0.62,300,100,600,False,error,run_simulation() got an unexpected keyword argument 'cruise_mach'. Did you mean 'cruise_alt'?,,,,,,
CJ1,Flatwing,0,0,37000,0.62,600,100,600,False,error,run_simulation() got an unexpected keyword argument 'cruise_mach'. Did you mean 'cruise_alt'?,,,,,,
CJ1,Flatwing,0,0,37000,0.62,900,100,600,False,error,run_simulation() got an unexpected keyword argument 'cruise_mach'. Did you mean 'cruise_alt'?,,,,,,
CJ1,Flatwing,0,0,37000,0.62,1200,100,600,False,error,run_simulation() got an unexpected keyword argument 'cruise_mach'. Did you mean 'cruise_alt'?,,,,,,
CJ1,Flatwing,0,0,37000,0.62,1500,100,600,False,error,run_simulation() got an unexpected keyword argument 'cruise_mach'. Did you mean 'cruise_alt'?,,,,,,
CJ1,Flatwing,0,10,37000,0.64,0,100,600,False,error,run_simulation() got an unexpected keyword argument 'cruise_mach'. Did you mean 'cruise_alt'?,,,,,,
CJ1,Flatwing,0,10,37000,0.64,300,100,600,False,error,run_simulation() got an unexpected keyword argument 'cruise_mach'. Did you mean 'cruise_alt'?,,,,,,
CJ1,Flatwing,0,10,37000,0.64,600,100,600,False,error,run_simulation() got an unexpected keyword argument 'cruise_mach'. Did you mean 'cruise_alt'?,,,,,,
CJ1,Flatwing,0,10,37000,0.64,900,100,600,False,error,run_simulation() got an unexpected keyword argument 'cruise_mach'. Did you mean 'cruise_alt'?,,,,,,
CJ1,Flatwing,0,10,37000,0.64,1200,100,600,False,error,run_simulation() got an unexpected keyword argument 'cruise_mach'. Did you mean 'cruise_alt'?,,,,,,
CJ1,Flatwing,0,10,37000,0.64,1500,100,600,False,error,run_simulation() got an unexpected keyword argument 'cruise_mach'. Did you mean 'cruise_alt'?,,,,,,
CJ1,Flatwing,0,10,37000,0.63,0,100,600,False,error,run_simulation() got an unexpected keyword argument 'cruise_mach'. Did you mean 'cruise_alt'?,,,,,,
CJ1,Flatwing,0,10,37000,0.63,300,100,600,False,error,run_simulation() got an unexpected keyword argument 'cruise_mach'. Did you mean 'cruise_alt'?,,,,,,
CJ1,Flatwing,0,10,37000,0.63,600,100,600,False,error,run_simulation() got an unexpected keyword argument 'cruise_mach'. Did you mean 'cruise_alt'?,,,,,,
CJ1,Flatwing,0,10,37000,0.63,900,100,600,False,error,run_simulation() got an unexpected keyword argument 'cruise_mach'. Did you mean 'cruise_alt'?,,,,,,
CJ1,Flatwing,0,10,37000,0.63,1200,100,600,False,error,run_simulation() got an unexpected keyword argument 'cruise_mach'. Did you mean 'cruise_alt'?,,,,,,
CJ1,Flatwing,0,10,37000,0.63,1500,100,600,False,error,run_simulation() got an unexpected keyword argument 'cruise_mach'. Did you mean 'cruise_alt'?,,,,,,
CJ1,Flatwing,0,10,37000,0.62,0,100,600,False,error,run_simulation() got an unexpected keyword argument 'cruise_mach'. Did you mean 'cruise_alt'?,,,,,,
CJ1,Flatwing,0,10,37000,0.62,300,100,600,False,error,run_simulation() got an unexpected keyword argument 'cruise_mach'. Did you mean 'cruise_alt'?,,,,,,
CJ1,Flatwing,0,10,37000,0.62,600,100,600,False,error,run_simulation() got an unexpected keyword argument 'cruise_mach'. Did you mean 'cruise_alt'?,,,,,,
CJ1,Flatwing,0,10,37000,0.62,900,100,600,False,error,run_simulation() got an unexpected keyword argument 'cruise_mach'. Did you mean 'cruise_alt'?,,,,,,
CJ1,Flatwing,0,10,37000,0.62,1200,100,600,False,error,run_simulation() got an unexpected keyword argument 'cruise_mach'. Did you mean 'cruise_alt'?,,,,,,
CJ1,Flatwing,0,10,37000,0.62,1500,100,600,False,error,run_simulation() got an unexpected keyword argument 'cruise_mach'. Did you mean 'cruise_alt'?,,,,,,
CJ1,Tamarack,0,0,41000,0.64,0,100,600,False,error,run_simulation() got an unexpected keyword argument 'cruise_mach'. Did you mean 'cruise_alt'?,,,,,,
CJ1,Tamarack,0,0,41000,0.64,364,100,600,False,error,run_simulation() got an unexpected keyword argument 'cruise_mach'. Did you mean 'cruise_alt'?,,,,,,
CJ1,Tamarack,0,0,41000,0.64,728,100,600,False,error,run_simulation() got an unexpected keyword argument 'cruise_mach'. Did you mean 'cruise_alt'?,,,,,,
CJ1,Tamarack,0,0,41000,0.64,1093,100,600,False,error,run_simulation() got an unexpected keyword argument 'cruise_mach'. Did you mean 'cruise_alt'?,,,,,,
CJ1,Tamarack,0,0,41000,0.64,1457,100,600,False,error,run_simulation() got an unexpected keyword argument 'cruise_mach'. Did you mean 'cruise_alt'?,,,,,,
CJ1,Tamarack,0,0,41000,0.64,1821,100,600,False,error,run_simulation() got an unexpected keyword argument 'cruise_mach'. Did you mean 'cruise_alt'?,,,,,,
CJ1,Tamarack,0,0,41000,0.63,0,100,600,False,error,run_simulation() got an unexpected keyword argument 'cruise_mach'. Did you mean 'cruise_alt'?,,,,,,
CJ1,Tamarack,0,0,41000,0.63,364,100,600,False,error,run_simulation() got an unexpected keyword argument 'cruise_mach'. Did you mean 'cruise_alt'?,,,,,,
CJ1,Tamarack,0,0,41000,0.63,728,100,600,False,error,run_simulation() got an unexpected keyword argument 'cruise_mach'. Did you mean 'cruise_alt'?,,,,,,
CJ1,Tamarack,0,0,41000,0.63,1093,100,600,False,error,run_simulation() got an unexpected keyword argument 'cruise_mach'. Did you mean 'cruise_alt'?,,,,,,
CJ1,Tamarack,0,0,41000,0.63,1457,100,600,False,error,run_simulation() got an unexpected keyword argument 'cruise_mach'. Did you mean 'cruise_alt'?,,,,,,
CJ1,Tamarack,0,0,41000,0.63,1821,100,600,False,error,run_simulation() got an unexpected keyword argument 'cruise_mach'. Did you mean 'cruise_alt'?,,,,,,
CJ1,Tamarack,0,0,41000,0.62,0,100,600,False,error,run_simulation() got an unexpected keyword argument 'cruise_mach'. Did you mean 'cruise_alt'?,,,,,,
CJ1,Tamarack,0,0,41000,0.62,364,100,600,False,error,run_simulation() got an unexpected keyword argument 'cruise_mach'. Did you mean 'cruise_alt'?,,,,,,
CJ1,Tamarack,0,0,41000,0.62,728,100,600,False,error,run_simulation() got an unexpected keyword argument 'cruise_mach'. Did you mean 'cruise_alt'?,,,,,,
CJ1,Tamarack,0,0,41000,0.62,1093,100,600,False,error,run_simulation() got an unexpected keyword argument 'cruise_mach'. Did you mean 'cruise_alt'?,,,,,,
CJ1,Tamarack,0,0,41000,0.62,1457,100,600,False,error,run_simulation() got an unexpected keyword argument 'cruise_mach'. Did you mean 'cruise_alt'?,,,,,,
CJ1,Tamarack,0,0,41000,0.62,1821,100,600,False,error,run_simulation() got an unexpected keyword argument 'cruise_mach'. Did you mean 'cruise_alt'?,,,,,,
CJ1,Tamarack,0,10,41000,0.64,0,100,600,False,error,run_simulation() got an unexpected keyword argument 'cruise_mach'. Did you mean 'cruise_alt'?,,,,,,
CJ1,Tamarack,0,10,41000,0.64,364,100,600,False,error,run_simulation() got an unexpected keyword argument 'cruise_mach'. Did you mean 'cruise_alt'?,,,,,,
CJ1,Tamarack,0,10,41000,0.64,728,100,600,False,error,run_simulation() got an unexpected keyword argument 'cruise_mach'. Did you mean 'cruise_alt'?,,,,,,
CJ1,Tamarack,0,10,41000,0.64,1093,100,600,False,error,run_simulation() got an unexpected keyword argument 'cruise_mach'. Did you mean 'cruise_alt'?,,,,,,
CJ1,Tamarack,0,10,41000,0.64,1457,100,600,False,error,run_simulation() got an unexpected keyword argument 'cruise_mach'. Did you mean 'cruise_alt'?,,,,,,
CJ1,Tamarack,0,10,41000,0.64,1821,100,600,False,error,run_simulation() got an unexpected keyword argument 'cruise_mach'. Did you mean 'cruise_alt'?,,,,,,
CJ1,Tamarack,0,10,41000,0.63,0,100,600,False,error,run_simulation() got an unexpected keyword argument 'cruise_mach'. Did you mean 'cruise_alt'?,,,,,,
CJ1,Tamarack,0,10,41000,0.63,364,100,600,False,error,run_simulation() got an unexpected keyword argument 'cruise_mach'. Did you mean 'cruise_alt'?,,,,,,
CJ1,Tamarack,0,10,41000,0.63,728,100,600,False,error,run_simulation() got an unexpected keyword argument 'cruise_mach'. Did you mean 'cruise_alt'?,,,,,,
CJ1,Tamarack,0,10,41000,0.63,1093,100,600,False,error,run_simulation() got an unexpected keyword argument 'cruise_mach'. Did you mean 'cruise_alt'?,,,,,,
CJ1,Tamarack,0,10,41000,0.63,1457,100,600,False,error,run_simulation() got an unexpected keyword argument 'cruise_mach'. Did you mean 'cruise_alt'?,,,,,,
CJ1,Tamarack,0,10,41000,0.63,1821,100,600,False,error,run_simulation() got an unexpected keyword argument 'cruise_mach'. Did you mean 'cruise_alt'?,,,,,,
CJ1,Tamarack,0,10,41000,0.62,0,100,600,False,error,run_simulation() got an unexpected keyword argument 'cruise_mach'. Did you mean 'cruise_alt'?,,,,,,
CJ1,Tamarack,0,10,41000,0.62,364,100,600,False,error,run_simulation() got an unexpected keyword argument 'cruise_mach'. Did you mean 'cruise_alt'?,,,,,,
CJ1,Tamarack,0,10,41000,0.62,728,100,600,False,error,run_simulation() got an unexpected keyword argument 'cruise_mach'. Did you mean 'cruise_alt'?,,,,,,
CJ1,Tamarack,0,10,41000,0.62,1093,100,600,False,error,run_simulation() got an unexpected keyword argument 'cruise_mach'. Did you mean 'cruise_alt'?,,,,,,
CJ1,Tamarack,0,10,41000,0.62,1457,100,600,False,error,run_simulation() got an unexpected keyword argument 'cruise_mach'. Did you mean 'cruise_alt'?,,,,,,
CJ1,Tamarack,0,10,41000,0.62,1821,100,600,False,error,run_simulation() got an unexpected keyword argument 'cruise_mach'. Did you mean 'cruise_alt'?,,,,,,
CJ1,Tamarack,0,0,39000,0.64,0,100,600,False,error,run_simulation() got an unexpected keyword argument 'cruise_mach'. Did you mean 'cruise_alt'?,,,,,,
CJ1,Tamarack,0,0,39000,0.64,364,100,600,False,error,run_simulation() got an unexpected keyword argument 'cruise_mach'. Did you mean 'cruise_alt'?,,,,,,
CJ1,Tamarack,0,0,39000,0.64,728,100,600,False,error,run_simulation() got an unexpected keyword argument 'cruise_mach'. Did you mean 'cruise_alt'?,,,,,,
CJ1,Tamarack,0,0,39000,0.64,1093,100,600,False,error,run_simulation() got an unexpected keyword argument 'cruise_mach'. Did you mean 'cruise_alt'?,,,,,,
CJ1,Tamarack,0,0,39000,0.64,1457,100,600,False,error,run_simulation() got an unexpected keyword argument 'cruise_mach'. Did you mean 'cruise_alt'?,,,,,,
CJ1,Tamarack,0,0,39000,0.64,1821,100,600,False,error,run_simulation() got an unexpected keyword argument 'cruise_mach'. Did you mean 'cruise_alt'?,,,,,,
CJ1,Tamarack,0,0,39000,0.63,0,100,600,False,error,run_simulation() got an unexpected keyword argument 'cruise_mach'. Did you mean 'cruise_alt'?,,,,,,
CJ1,Tamarack,0,0,39000,0.63,364,100,600,False,error,run_simulation() got an unexpected keyword argument 'cruise_mach'. Did you mean 'cruise_alt'?,,,,,,
CJ1,Tamarack,0,0,39000,0.63,728,100,600,False,error,run_simulation() got an unexpected keyword argument 'cruise_mach'. Did you mean 'cruise_alt'?,,,,,,
CJ1,Tamarack,0,0,39000,0.63,1093,100,600,False,error,run_simulation() got an unexpected keyword argument 'cruise_mach'. Did you mean 'cruise_alt'?,,,,,,
CJ1,Tamarack,0,0,39000,0.63,1457,100,600,False,error,run_simulation() got an unexpected keyword argument 'cruise_mach'. Did you mean 'cruise_alt'?,,,,,,
CJ1,Tamarack,0,0,39000,0.63,1821,100,600,False,error,run_simulation() got an unexpected keyword argument 'cruise_mach'. Did you mean 'cruise_alt'?,,,,,,
CJ1,Tamarack,0,0,39000,0.62,0,100,600,False,error,run_simulation() got an unexpected keyword argument 'cruise_mach'. Did you mean 'cruise_alt'?,,,,,,
CJ1,Tamarack,0,0,39000,0.62,364,100,600,False,error,run_simulation() got an unexpected keyword argument 'cruise_mach'. Did you mean 'cruise_alt'?,,,,,,
CJ1,Tamarack,0,0,39000,0.62,728,100,600,False,error,run_simulation() got an unexpected keyword argument 'cruise_mach'. Did you mean 'cruise_alt'?,,,,,,
CJ1,Tamarack,0,0,39000,0.62,1093,100,600,False,error,run_simulation() got an unexpected keyword argument 'cruise_mach'. Did you mean 'cruise_alt'?,,,,,,
CJ1,Tamarack,0,0,39000,0.62,1457,100,600,False,error,run_simulation() got an unexpected keyword argument 'cruise_mach'. Did you mean 'cruise_alt'?,,,,,,
CJ1,Tamarack,0,0,39000,0.62,1821,100,600,False,error,run_simulation() got an unexpected keyword argument 'cruise_mach'. Did you mean 'cruise_alt'?,,,,,,
CJ1,Tamarack,0,10,39000,0.64,0,100,600,False,error,run_simulation() got an unexpected keyword argument 'cruise_mach'. Did you mean 'cruise_alt'?,,,,,,
CJ1,Tamarack,0,10,39000,0.64,364,100,600,False,error,run_simulation() got an unexpected keyword argument 'cruise_mach'. Did you mean 'cruise_alt'?,,,,,,
CJ1,Tamarack,0,10,39000,0.64,728,100,600,False,error,run_simulation() got an unexpected keyword argument 'cruise_mach'. Did you mean 'cruise_alt'?,,,,,,
CJ1,Tamarack,0,10,39000,0.64,1093,100,600,False,error,run_simulation() got an unexpected keyword argument 'cruise_mach'. Did you mean 'cruise_alt'?,,,,,,
CJ1,Tamarack,0,10,39000,0.64,1457,100,600,False,error,run_simulation() got an unexpected keyword argument 'cruise_mach'. Did you mean 'cruise_alt'?,,,,,,
CJ1,Tamarack,0,10,39000,0.64,1821,100,600,False,error,run_simulation() got an unexpected keyword argument 'cruise_mach'. Did you mean 'cruise_alt'?,,,,,,
CJ1,Tamarack,0,10,39000,0.63,0,100,600,False,error,run_simulation() got an unexpected keyword argument 'cruise_mach'. Did you mean 'cruise_alt'?,,,,,,
CJ1,Tamarack,0,10,39000,0.63,364,100,600,False,error,run_simulation() got an unexpected keyword argument 'cruise_mach'. Did you mean 'cruise_alt'?,,,,,,
CJ1,Tamarack,0,10,39000,0.63,728,100,600,False,error,run_simulation() got an unexpected keyword argument 'cruise_mach'. Did you mean 'cruise_alt'?,,,,,,
CJ1,Tamarack,0,10,39000,0.63,1093,100,600,False,error,run_simulation() got an unexpected keyword argument 'cruise_mach'. Did you mean 'cruise_alt'?,,,,,,
CJ1,Tamarack,0,10,39000,0.63,1457,100,600,False,error,run_simulation() got an unexpected keyword argument 'cruise_mach'. Did you mean 'cruise_alt'?,,,,,,
CJ1,Tamarack,0,10,39000,0.63,1821,100,600,False,error,run_simulation() got an unexpected keyword argument 'cruise_mach'. Did you mean 'cruise_alt'?,,,,,,
CJ1,Tamarack,0,10,39000,0.62,0,100,600,False,error,run_simulation() got an unexpected keyword argument 'cruise_mach'. Did you mean 'cruise_alt'?,,,,,,
CJ1,Tamarack,0,10,39000,0.62,364,100,600,False,error,run_simulation() got an unexpected keyword argument 'cruise_mach'. Did you mean 'cruise_alt'?,,,,,,
CJ1,Tamarack,0,10,39000,0.62,728,100,600,False,error,run_simulation() got an unexpected keyword argument 'cruise_mach'. Did you mean 'cruise_alt'?,,,,,,
CJ1,Tamarack,0,10,39000,0.62,1093,100,600,False,error,run_simulation() got an unexpected keyword argument 'cruise_mach'. Did you mean 'cruise_alt'?,,,,,,
CJ1,Tamarack,0,10,39000,0.62,1457,100,600,False,error,run_simulation() got an unexpected keyword argument 'cruise_mach'. Did you mean 'cruise_alt'?,,,,,,
CJ1,Tamarack,0,10,39000,0.62,1821,100,600,False,error,run_simulation() got an unexpected keyword argument 'cruise_mach'. Did you mean 'cruise_alt'?,,,,,,
CJ1,Tamarack,0,0,37000,0.64,0,100,600,False,error,run_simulation() got an unexpected keyword argument 'cruise_mach'. Did you mean 'cruise_alt'?,,,,,,
CJ1,Tamarack,0,0,37000,0.64,364,100,600,False,error,run_simulation() got an unexpected keyword argument 'cruise_mach'. Did you mean 'cruise_alt'?,,,,,,
CJ1,Tamarack,0,0,37000,0.64,728,100,600,False,error,run_simulation() got an unexpected keyword argument 'cruise_mach'. Did you mean 'cruise_alt'?,,,,,,
CJ1,Tamarack,0,0,37000,0.64,1093,100,600,False,error,run_simulation() got an unexpected keyword argument 'cruise_mach'. Did you mean 'cruise_alt'?,,,,,,
CJ1,Tamarack,0,0,37000,0.64,1457,100,600,False,error,run_simulation() got an unexpected keyword argument 'cruise_mach'. Did you mean 'cruise_alt'?,,,,,,
CJ1,Tamarack,0,0,37000,0.64,1821,100,600,False,error,run_simulation() got an unexpected keyword argument 'cruise_mach'. Did you mean 'cruise_alt'?,,,,,,
CJ1,Tamarack,0,0,37000,0.63,0,100,600,False,error,run_simulation() got an unexpected keyword argument 'cruise_mach'. Did you mean 'cruise_alt'?,,,,,,
CJ1,Tamarack,0,0,37000,0.63,364,100,600,False,error,run_simulation() got an unexpected keyword argument 'cruise_mach'. Did you mean 'cruise_alt'?,,,,,,
CJ1,Tamarack,0,0,37000,0.63,728,100,600,False,error,run_simulation() got an unexpected keyword argument 'cruise_mach'. Did you mean 'cruise_alt'?,,,,,,
CJ1,Tamarack,0,0,37000,0.63,1093,100,600,False,error,run_simulation() got an unexpected keyword argument 'cruise_mach'. Did you mean 'cruise_alt'?,,,,,,
CJ1,Tamarack,0,0,37000,0.63,1457,100,600,False,error,run_simulation() got an unexpected keyword argument 'cruise_mach'. Did you mean 'cruise_alt'?,,,,,,
CJ1,Tamarack,0,0,37000,0.63,1821,100,600,False,error,run_simulation() got an unexpected keyword argument 'cruise_mach'. Did you mean 'cruise_alt'?,,,,,,
CJ1,Tamarack,0,0,37000,0.62,0,100,600,False,error,run_simulation() got an unexpected keyword argument 'cruise_mach'. Did you mean 'cruise_alt'?,,,,,,
CJ1,Tamarack,0,0,37000,0.62,364,100,600,False,error,run_simulation() got an unexpected keyword argument 'cruise_mach'. Did you mean 'cruise_alt'?,,,,,,
CJ1,Tamarack,0,0,37000,0.62,728,100,600,False,error,run_simulation() got an unexpected keyword argument 'cruise_mach'. Did you mean 'cruise_alt'?,,,,,,
CJ1,Tamarack,0,0,37000,0.62,1093,100,600,False,error,run_simulation() got an unexpected keyword argument 'cruise_mach'. Did you mean 'cruise_alt'?,,,,,,
CJ1,Tamarack,0,0,37000,0.62,1457,100,600,False,error,run_simulation() got an unexpected keyword argument 'cruise_mach'. Did you mean 'cruise_alt'?,,,,,,
CJ1,Tamarack,0,0,37000,0.62,1821,100,600,False,error,run_simulation() got an unexpected keyword argument 'cruise_mach'. Did you mean 'cruise_alt'?,,,,,,
CJ1,Tamarack,0,10,37000,0.64,0,100,600,False,error,run_simulation() got an unexpected keyword argument 'cruise_mach'. Did you mean 'cruise_alt'?,,,,,,
CJ1,Tamarack,0,10,37000,0.64,364,100,600,False,error,run_simulation() got an unexpected keyword argument 'cruise_mach'. Did you mean 'cruise_alt'?,,,,,,
CJ1,Tamarack,0,10,37000,0.64,728,100,600,False,error,run_simulation() got an unexpected keyword argument 'cruise_mach'. Did you mean 'cruise_alt'?,,,,,,
CJ1,Tamarack,0,10,37000,0.64,1093,100,600,False,error,run_simulation() got an unexpected keyword argument 'cruise_mach'. Did you mean 'cruise_alt'?,,,,,,
CJ1,Tamarack,0,10,37000,0.64,1457,100,600,False,error,run_simulation() got an unexpected keyword argument 'cruise_mach'. Did you mean 'cruise_alt'?,,,,,,
CJ1,Tamarack,0,10,37000,0.64,1821,100,600,False,error,run_simulation() got an unexpected keyword argument 'cruise_mach'. Did you mean 'cruise_alt'?,,,,,,
CJ1,Tamarack,0,10,37000,0.63,0,100,600,False,error,run_simulation() got an unexpected keyword argument 'cruise_mach'. Did you mean 'cruise_alt'?,,,,,,
CJ1,Tamarack,0,10,37000,0.63,364,100,600,False,error,run_simulation() got an unexpected keyword argument 'cruise_mach'. Did you mean 'cruise_alt'?,,,,,,
CJ1,Tamarack,0,10,37000,0.63,728,100,600,False,error,run_simulation() got an unexpected keyword argument 'cruise_mach'. Did you mean 'cruise_alt'?,,,,,,
CJ1,Tamarack,0,10,37000,0.63,1093,100,600,False,error,run_simulation() got an unexpected keyword argument 'cruise_mach'. Did you mean 'cruise_alt'?,,,,,,
CJ1,Tamarack,0,10,37000,0.63,1457,100,600,False,error,run_simulation() got an unexpected keyword argument 'cruise_mach'. Did you mean 'cruise_alt'?,,,,,,
CJ1,Tamarack,0,10,37000,0.63,1821,100,600,False,error,run_simulation() got an unexpected keyword argument 'cruise_mach'. Did you mean 'cruise_alt'?,,,,,,
CJ1,Tamarack,0,10,37000,0.62,0,100,600,False,error,run_simulation() got an unexpected keyword argument 'cruise_mach'. Did you mean 'cruise_alt'?,,,,,,
CJ1,Tamarack,0,10,37000,0.62,364,100,600,False,error,run_simulation() got an unexpected keyword argument 'cruise_mach'. Did you mean 'cruise_alt'?,,,,,,
CJ1,Tamarack,0,10,37000,0.62,728,100,600,False,error,run_simulation() got an unexpected keyword argument 'cruise_mach'. Did you mean 'cruise_alt'?,,,,,,
CJ1,Tamarack,0,10,37000,0.62,1093,100,600,False,error,run_simulation() got an unexpected keyword argument 'cruise_mach'. Did you mean 'cruise_alt'?,,,,,,
CJ1,Tamarack,0,10,37000,0.62,1457,100,600,False,error,run_simulation() got an unexpected keyword argument 'cruise_mach'. Did you mean 'cruise_alt'?,,,,,,
CJ1,Tamarack,0,10,37000,0.62,1821,100,600,False,error,run_simulation() got an unexpected keyword argument 'cruise_mach'. Did you mean 'cruise_alt'?,,,,,,
